[
    {
        "name": "nass",
        "pointage": "0",
        "reponse": "[Toronto]"
    },
    {
        "name": "nass",
        "pointage": 5,
        "reponse": [
            "Toronto",
            "Ontario",
            "Whistler",
            "Montréal",
            "Niagara",
            "warzone",
            "Elon Musk",
            "1945",
            "Jerusalem",
            "Neil Armstrong"
        ]
    },
    {
        "name": "nassim",
        "pointage": 3,
        "reponse": [
            "Montréal",
            "Alberta",
            "Québec",
            "Edmonton",
            "Della",
            "fortnite",
            "Jeff Bezos",
            "1992",
            "Constantinople",
            "Leonard da Vinci"
        ]
    },
    {
        "name": "pnl",
        "pointage": 5,
        "reponse": [
            "Toronto",
            "Ontario",
            "Whistler",
            "Montréal",
            "Niagara",
            "warzone",
            "Elon Musk",
            "1945",
            "Jerusalem",
            "Neil Armstrong"
        ]
    },
    {
        "name": "nass",
        "pointage": 5,
        "reponse": [
            "Toronto",
            "Ontario",
            "Whistler",
            "Montréal",
            "Niagara",
            "warzone",
            "Elon Musk",
            "1945",
            "Jerusalem",
            "Neil Armstrong"
        ]
    },
    {
        "name": "katt",
        "pointage": 5,
        "reponse": [
            "Toronto",
            "Ontario",
            "Whistler",
            "Montréal",
            "Niagara",
            "warzone",
            "Elon Musk",
            "1945",
            "Jerusalem",
            "Neil Armstrong"
        ]
    },
    {
        "name": "nass",
        "pointage": 5,
        "reponse": [
            "Toronto",
            "Ontario",
            "Whistler",
            "Montréal",
            "Niagara",
            "warzone",
            "Elon Musk",
            "1945",
            "Jerusalem",
            "Neil Armstrong"
        ]
    },
    {
        "name": "testJeuEssai",
        "pointage": 5,
        "reponse": [
            "Toronto",
            "Ontario",
            "Whistler",
            "Montréal",
            "Niagara",
            "warzone",
            "Elon Musk",
            "1945",
            "Jerusalem",
            "Neil Armstrong"
        ]
    },
    {
        "name": "jeuxEssai2",
        "pointage": 2,
        "reponse": [
            "Ottawa",
            "Québec",
            "Whitehorse",
            "Halifax",
            "Montmorency",
            "fifa",
            "nassim boukhnifer",
            "1989",
            "Berlin",
            "Isaac Newton"
        ]
    }
]