[
{
    "q":"Quelle est la capitale du Canada?",
    "a":"Toronto",
    "b":"Montréal",
    "c":"Ottawa",
    "rep":"c"
},
{
    "q":"Dans quelle province vous trouvez-vous si vous êtes dans la capitale du Canada?",
    "a":"Ontario",
    "b":"Alberta",
    "c":"Québec",
    "rep":"a"
},
{
    "q":"Dans quelle ville peut-on retrouver un hôtel fait entièrement de glace?",
    "a":"Whistler",
    "b":"Québec",
    "c":"Whitehorse",
    "rep":"b"
},
{
    "q":"Quelle ville canadienne a déjà accueilli les Jeux Olympiques?",
    "a":"Montréal",
    "b":"Edmonton",
    "c":"Halifax",
    "rep":"a"
},
{
    "q":"Quelles sont les plus hautes chutes du Canada?",
    "a":"Niagara",
    "b":"Della",
    "c":"Montmorency",
    "rep":"b"
},

{
    "q":"Quel jeu a été programmé par activision?",
    "a":"warzone",
    "b":"fortnite",
    "c":"fifa",
    "rep":"a"
},

{
    "q":"Qui est le pdg de Amazon?",
    "a":"Elon Musk",
    "b":"Jeff Bezos",
    "c":"nassim boukhnifer",
    "rep":"b"
},

{
    "q":"En quelle année a été détruit le mur de Berlin?",
    "a":"1945",
    "b":"1992",
    "c":"1989",
    "rep":"c"
},

{
    "q":"Quelle ville a été cible de croisade entre le 10iem et le 13iem siècle?",
    "a":"Jerusalem",
    "b":"Constantinople",
    "c":"Berlin",
    "rep":"a"
},

{
    "q":"Qui est le premier homme à marcher sur la lune?",
    "a":"Neil Armstrong",
    "b":"Leonard da Vinci",
    "c":"Isaac Newton",
    "rep":"a"
}
]